,Df,SumsOfSqs,MeanSqs,F.Model,R2,Pr(>F),fdr
A1,1,0.722951772626793,0.722951772626793,5.82028232009378,0.168166572400307,0.002,0.005
Moisture,1,0.867050070396282,0.867050070396282,6.98037737292979,0.201685429040726,0.001,0.005
Management,3,1.01629392496373,0.338764641654576,2.72729928765647,0.236401199061216,0.007,0.0116666666666667
