"","geneids","index.min"
"1","mir-2","0.00920908441688992"
"2","mir-3","0.139140169017511"
"3","mir-6","0.0188224262579624"
"4","mir-7","-0.180719674097342"
"5","mir-11","-0.160418178338446"
